{"10": {"1": 2.7646533300000002, "2": 2.7646533300000002, "3": 2.7646533300000002, "4": 2.7646533300000002, "5": 2.7646533300000002, "6": 2.7646533300000002, "7": 2.7646533300000002}, "9": {"1": 2.7646533300000002, "2": 2.7646533300000002, "3": 2.7646533300000002, "4": 2.7646533300000002, "5": 2.7646533300000002, "6": 2.7646533300000002, "7": 2.7646533300000002}, "8": {"1": 2.7646533300000002, "2": 2.7646533300000002, "3": 2.7646533300000002, "4": 2.7646533300000002, "5": 2.7646533300000002, "6": 2.7646533300000002, "7": 2.7646533300000002, "8": 2.7646533300000002, "9": 2.7646533300000002, "10": 2.7646533300000002, "11": 2.7646533300000002, "12": 2.7646533300000002, "13": 2.7646533300000002, "14": 2.7646533300000002}, "7": {"1": 2.7646533300000002, "2": 2.7646533300000002, "3": 2.7646533300000002, "4": 2.7646533300000002, "5": 2.7646533300000002, "6": 2.7646533300000002, "7": 2.7646533300000002, "8": 2.7646533300000002, "9": 2.7646533300000002, "10": 2.7646533300000002, "11": 2.7646533300000002, "12": 2.7646533300000002, "13": 2.7646533300000002, "14": 2.7646533300000002}, "6": {"1": 2.7646533300000002, "2": 2.7646533300000002, "3": 2.7646533300000002, "4": 2.7646533300000002, "5": 2.7646533300000002, "6": 2.7646533300000002, "7": 2.7646533300000002, "8": 2.7646533300000002, "9": 2.7646533300000002, "10": 2.7646533300000002, "11": 2.7646533300000002, "12": 2.7646533300000002, "13": 2.7646533300000002, "14": 2.7646533300000002, "15": 2.7646533300000002, "16": 2.7646533300000002, "17": 2.7646533300000002, "18": 2.7646533300000002, "19": 2.7646533300000002, "20": 2.7646533300000002, "21": 2.7646533300000002, "22": 2.7646533300000002, "23": 2.7646533300000002, "24": 2.7646533300000002, "25": 2.7646533300000002, "26": 2.7646533300000002, "27": 2.7646533300000002, "28": 2.7646533300000002}, "5": {"1": 2.7646533300000002, "2": 2.7646533300000002, "3": 2.7646533300000002, "4": 2.7646533300000002, "5": 2.7646533300000002, "6": 2.7646533300000002, "7": 2.7646533300000002, "8": 2.7646533300000002, "9": 2.7646533300000002, "10": 2.7646533300000002, "11": 2.7646533300000002, "12": 2.7646533300000002, "13": 2.7646533300000002, "14": 2.7646533300000002, "15": 2.7646533300000002, "16": 2.7646533300000002, "17": 2.7646533300000002, "18": 2.7646533300000002, "19": 2.7646533300000002, "20": 2.7646533300000002, "21": 2.7646533300000002, "22": 2.7646533300000002, "23": 2.7646533300000002, "24": 2.7646533300000002, "25": 2.7646533300000002, "26": 2.7646533300000002, "27": 2.7646533300000002, "28": 2.7646533300000002}, "4": {"1": 2.7646533300000002, "2": 2.7646533300000002, "3": 2.7646533300000002, "4": 2.7646533300000002, "5": 2.7646533300000002, "6": 2.7646533300000002, "7": 2.7646533300000002, "8": 2.7646533300000002, "9": 2.7646533300000002, "10": 2.7646533300000002, "11": 2.7646533300000002, "12": 2.7646533300000002, "13": 2.7646533300000002, "14": 2.7646533300000002, "15": 2.7646533300000002, "16": 2.7646533300000002, "17": 2.7646533300000002, "18": 2.7646533300000002, "19": 2.7646533300000002, "20": 2.7646533300000002, "21": 2.7646533300000002, "22": 2.7646533300000002, "23": 2.7646533300000002, "24": 2.7646533300000002, "25": 2.7646533300000002, "26": 2.7646533300000002, "27": 2.7646533300000002, "28": 2.7646533300000002, "29": 2.7646533300000002, "30": 2.7646533300000002, "31": 2.7646533300000002, "32": 2.7646533300000002, "33": 2.7646533300000002, "34": 2.7646533300000002, "35": 2.7646533300000002, "36": 2.7646533300000002, "37": 2.7646533300000002, "38": 2.7646533300000002, "39": 2.7646533300000002, "40": 2.7646533300000002, "41": 2.7646533300000002, "42": 2.7646533300000002, "43": 2.7646533300000002, "44": 2.7646533300000002, "45": 2.7646533300000002, "46": 2.7646533300000002, "47": 2.7646533300000002, "48": 2.7646533300000002, "49": 2.7646533300000002, "50": 2.7646533300000002, "51": 2.7646533300000002, "52": 2.7646533300000002, "53": 2.7646533300000002, "54": 2.7646533300000002, "55": 2.7646533300000002, "56": 2.7646533300000002}, "3": {"1": 2.7646533300000002, "2": 2.7646533300000002, "3": 2.7646533300000002, "4": 2.7646533300000002, "5": 2.7646533300000002, "6": 2.7646533300000002, "7": 2.7646533300000002, "8": 2.7646533300000002, "9": 2.7646533300000002, "10": 2.7646533300000002, "11": 2.7646533300000002, "12": 2.7646533300000002, "13": 2.7646533300000002, "14": 2.7646533300000002, "15": 2.7646533300000002, "16": 2.7646533300000002, "17": 2.7646533300000002, "18": 2.7646533300000002, "19": 2.7646533300000002, "20": 2.7646533300000002, "21": 2.7646533300000002, "22": 2.7646533300000002, "23": 2.7646533300000002, "24": 2.7646533300000002, "25": 2.7646533300000002, "26": 2.7646533300000002, "27": 2.7646533300000002, "28": 2.7646533300000002, "29": 2.7646533300000002, "30": 2.7646533300000002, "31": 2.7646533300000002, "32": 2.7646533300000002, "33": 2.7646533300000002, "34": 2.7646533300000002, "35": 2.7646533300000002, "36": 2.7646533300000002, "37": 2.7646533300000002, "38": 2.7646533300000002, "39": 2.7646533300000002, "40": 2.7646533300000002, "41": 2.7646533300000002, "42": 2.7646533300000002, "43": 2.7646533300000002, "44": 2.7646533300000002, "45": 2.7646533300000002, "46": 2.7646533300000002, "47": 2.7646533300000002, "48": 2.7646533300000002, "49": 2.7646533300000002, "50": 2.7646533300000002, "51": 2.7646533300000002, "52": 2.7646533300000002, "53": 2.7646533300000002, "54": 2.7646533300000002, "55": 2.7646533300000002, "56": 2.7646533300000002}, "2": {"1": 2.7646533300000002, "2": 2.7646533300000002, "3": 2.7646533300000002, "4": 2.7646533300000002, "5": 2.7646533300000002, "6": 2.7646533300000002, "7": 2.7646533300000002, "8": 2.7646533300000002, "9": 2.7646533300000002, "10": 2.7646533300000002, "11": 2.7646533300000002, "12": 2.7646533300000002, "13": 2.7646533300000002, "14": 2.7646533300000002, "15": 2.7646533300000002, "16": 2.7646533300000002, "17": 2.7646533300000002, "18": 2.7646533300000002, "19": 2.7646533300000002, "20": 2.7646533300000002, "21": 2.7646533300000002, "22": 2.7646533300000002, "23": 2.7646533300000002, "24": 2.7646533300000002, "25": 2.7646533300000002, "26": 2.7646533300000002, "27": 2.7646533300000002, "28": 2.7646533300000002, "29": 2.7646533300000002, "30": 2.7646533300000002, "31": 2.7646533300000002, "32": 2.7646533300000002, "33": 2.7646533300000002, "34": 2.7646533300000002, "35": 2.7646533300000002, "36": 2.7646533300000002, "37": 2.7646533300000002, "38": 2.7646533300000002, "39": 2.7646533300000002, "40": 2.7646533300000002, "41": 2.7646533300000002, "42": 2.7646533300000002, "43": 2.7646533300000002, "44": 2.7646533300000002, "45": 2.7646533300000002, "46": 2.7646533300000002, "47": 2.7646533300000002, "48": 2.7646533300000002, "49": 2.7646533300000002, "50": 2.7646533300000002, "51": 2.7646533300000002, "52": 2.7646533300000002, "53": 2.7646533300000002, "54": 2.7646533300000002, "55": 2.7646533300000002, "56": 2.7646533300000002, "57": 2.7646533300000002, "58": 2.7646533300000002, "59": 2.7646533300000002, "60": 2.7646533300000002, "61": 2.7646533300000002, "62": 2.7646533300000002, "63": 2.7646533300000002, "64": 2.7646533300000002, "65": 2.7646533300000002, "66": 2.7646533300000002, "67": 2.7646533300000002, "68": 2.7646533300000002, "69": 2.7646533300000002, "70": 2.7646533300000002, "71": 2.7646533300000002, "72": 2.7646533300000002, "73": 2.7646533300000002, "74": 2.7646533300000002, "75": 2.7646533300000002, "76": 2.7646533300000002, "77": 2.7646533300000002, "78": 2.7646533300000002, "79": 2.7646533300000002, "80": 2.7646533300000002, "81": 2.7646533300000002, "82": 2.7646533300000002, "83": 2.7646533300000002, "84": 2.7646533300000002, "85": 2.7646533300000002, "86": 2.7646533300000002, "87": 2.7646533300000002, "88": 2.7646533300000002, "89": 2.7646533300000002, "90": 2.7646533300000002, "91": 2.7646533300000002, "92": 2.7646533300000002, "93": 2.7646533300000002, "94": 2.7646533300000002, "95": 2.7646533300000002, "96": 2.7646533300000002, "97": 2.7646533300000002, "98": 2.7646533300000002,