{"10": {"7": 2.7646533300000002}, "9": {"7": 2.7646533300000002}, "8": {"14": 2.7646533300000002}, "7": {"14": 2.7646533300000002}, "6": {"28": 2.7646533300000002}, "5": {"28": 2.7646533300000002}, "4": {"56": 2.7646533300000002}, "3": {"56": 2.7646533300000002}, "2": {"112": 2.7646533300000002}, "1": {"112": 2.7646533300000002}}